{
  "GAUSS_POINTS_LIST_VERSION": "1.0.0",
  "tri3": {
    "gauss_coord": [
      [
        0.3333333333333333,
        0.3333333333333333
      ]
    ],
    "weights": [
      1
    ]
  }
}